{
    "require_version": "6.11",
    "directory": [
        {
            "name" : "uploads/seo-og-images"
        }
    ],
    "sql_file": "",
    "libraries": [],
    "files": [
        {
            "root_directory": "update/update_6.12/application/config/routes.php",
            "update_directory": "application/config/routes.php"
        },
        {
            "root_directory": "update/update_6.12/application/controllers/Admin.php",
            "update_directory": "application/controllers/Admin.php"
        },
        {
            "root_directory": "update/update_6.12/application/controllers/Blog.php",
            "update_directory": "application/controllers/Blog.php"
        },
        {
            "root_directory": "update/update_6.12/application/controllers/User.php",
            "update_directory": "application/controllers/User.php"
        },
        {
            "root_directory": "update/update_6.12/application/controllers/Sitemap.php",
            "update_directory": "application/controllers/Sitemap.php"
        },
        {
            "root_directory": "update/update_6.12/application/helpers/common_helper.php",
            "update_directory": "application/helpers/common_helper.php"
        },
        {
            "root_directory": "update/update_6.12/application/models/Crud_model.php",
            "update_directory": "application/models/Crud_model.php"
        },      
        {
            "root_directory": "update/update_6.12/application/views/backend/admin/admins.php",
            "update_directory": "application/views/backend/admin/admins.php"
        },    
        {
            "root_directory": "update/update_6.12/application/views/backend/admin/course_edit.php",
            "update_directory": "application/views/backend/admin/course_edit.php"
        },    
        {
            "root_directory": "update/update_6.12/application/views/backend/admin/curriculum.php",
            "update_directory": "application/views/backend/admin/curriculum.php"
        },    
        {
            "root_directory": "update/update_6.12/application/views/backend/admin/enrol_history.php",
            "update_directory": "application/views/backend/admin/enrol_history.php"
        },    
        {
            "root_directory": "update/update_6.12/application/views/backend/admin/instructors.php",
            "update_directory": "application/views/backend/admin/instructors.php"
        },    
        {
            "root_directory": "update/update_6.12/application/views/backend/admin/navigation.php",
            "update_directory": "application/views/backend/admin/navigation.php"
        },    
        {
            "root_directory": "update/update_6.12/application/views/backend/admin/users.php",
            "update_directory": "application/views/backend/admin/users.php"
        },    
        {
            "root_directory": "update/update_6.12/application/views/backend/admin/course_enrol_list.php",
            "update_directory": "application/views/backend/admin/course_enrol_list.php"
        },    
        {
            "root_directory": "update/update_6.12/application/views/backend/admin/seo_settings.php",
            "update_directory": "application/views/backend/admin/seo_settings.php"
        },    
        {
            "root_directory": "update/update_6.12/application/views/backend/admin/sitemap_settings.php",
            "update_directory": "application/views/backend/admin/sitemap_settings.php"
        },    
        {
            "root_directory": "update/update_6.12/application/views/backend/common_scripts.php",
            "update_directory": "application/views/backend/common_scripts.php"
        },
        {
            "root_directory": "update/update_6.12/application/views/backend/includes_bottom.php",
            "update_directory": "application/views/backend/includes_bottom.php"
        },
        {
            "root_directory": "update/update_6.12/application/views/backend/includes_top.php",
            "update_directory": "application/views/backend/includes_top.php"
        },
        {
            "root_directory": "update/update_6.12/application/views/backend/user/navigation.php",
            "update_directory": "application/views/backend/user/navigation.php"
        },
        {
            "root_directory": "update/update_6.12/application/views/frontend/default-new/header.php",
            "update_directory": "application/views/frontend/default-new/header.php"
        },
        {
            "root_directory": "update/update_6.12/application/views/frontend/default-new/index.php",
            "update_directory": "application/views/frontend/default-new/index.php"
        },
        {
            "root_directory": "update/update_6.12/application/views/frontend/default-new/my_courses.php",
            "update_directory": "application/views/frontend/default-new/my_courses.php"
        },
        {
            "root_directory": "update/update_6.12/application/views/frontend/default-new/seo.php",
            "update_directory": "application/views/frontend/default-new/seo.php"
        },
        {
            "root_directory": "update/update_6.12/uploads/seo-og-images/placeholder.png",
            "update_directory": "uploads/seo-og-images/placeholder.png"
        }
        
        
    ]
}